1;2023-05-08;KJlrnApKUrDrNIkfNnBr;888.7898216589293
2;2023-05-08;EXGzZztxitJzPjucrHBV;467.279390308179
3;2023-05-08;ZuKpGMBNBPtaZcMZWVbu;399.3865066639563
4;2023-05-08;BbBwilpeULZrZeExbJcd;274.86873391351776
5;2023-05-08;lXfkDUFqUHKtOxKHsrGB;706.1330527653151
6;2023-05-08;feazPbSYptkJCjBZNREO;638.279698178552
7;2023-05-08;IanKzFRCinNHLHFccIhP;219.68339757594745
8;2023-05-08;EcLTSboeGMYgTKvsBLtS;253.02977346588088
9;2023-05-08;WGVQpuOghekOyTpTnnzy;952.447733072863
10;2023-05-08;iuIErgyLbfpHGRyaLabT;357.62492759706083
11;2023-05-08;CDuGMpLojQNuoEJuMMTN;123.93834375546125
12;2023-05-08;bGLwAdLgIVJYOrPzZVcL;666.8966154206781
13;2023-05-08;ZIrVhqNxIKFlyroKQVwS;900.4633230682743
14;2023-05-08;dNpxcyNLXyzjuQFYNxqd;795.3502074054718
15;2023-05-08;eSGFLsWpDYHvljAgnUUh;602.8117924039105
16;2023-05-08;AgMuXYApqqdtcWANzQGF;940.1032008997287
17;2023-05-08;ETPkTGSFocvZQsAqBBVf;342.74515172382985
18;2023-05-08;DIAZqbkrYYDeSOPYFlNX;149.35897289352826
19;2023-05-08;vJpwrqZnPWEJRCWZFgRG;187.29688330209072
20;2023-05-08;ZbVXgbPwAwzRMtpWoXZU;321.0632903732794
21;2023-05-08;IgDmPACkZzSuDWujRxsF;716.6356157760742
22;2023-05-08;doFcWMKoQJeHloazvZRT;238.2573671849735
23;2023-05-08;DHANVmTcIrTKytVCjczW;962.2208149759914
24;2023-05-08;rTobhpLoshhKfePmAAcF;573.0672361630789
25;2023-05-08;zJAeXrCjESRYKtItCRuI;842.0909846321625
26;2023-05-08;xQESmxjZJoHfhtpYoBRp;483.7111817159148
27;2023-05-08;CxqPzOvVJdjteOBWrakM;301.7600283355433
28;2023-05-08;qoSaeUazqHFwMCVESVGZ;414.98496700876365
29;2023-05-08;AiOqRSTzqbLHpyjvBYUr;837.0141290386644
30;2023-05-08;PCPpxeLyhwyIoKLavkRV;513.188034096879
31;2023-05-08;alINLTxXSQwwxnvCPSVH;210.0836410094214
32;2023-05-08;jTiddCrTgfBdulyHIeJd;294.93537510174593
33;2023-05-08;uKZSjuJYwTUaKMIkLjOE;202.43831891267058
34;2023-05-08;UOizKaqFubFgTCnExass;334.53663042061737
35;2023-05-08;tRSLuXKbQoxXJGXgxKYr;987.0764443036126
36;2023-05-08;ipHNmPkWZuvjxKdofgqu;858.817163504416
37;2023-05-08;awmrOwlkfFrCQoGSTxQu;482.4004921757691
38;2023-05-08;IXfDJXpIMyxViuBxaDVV;920.2477974463249
39;2023-05-08;nnuDZKjfYVlVAWZKRirM;844.1260510354193
40;2023-05-08;OVWqdTTlwUiCJeRHzXva;388.8483595350423
41;2023-05-08;IKCYUEBrlwpGdyXTTrpb;579.5447617786132
42;2023-05-08;uwuoWUVbXrrxOHfWTBNN;372.24338613133153
43;2023-05-08;tpQWuLWUxPKAjPPaDgwa;297.06657487591883
44;2023-05-08;eSomRypBouUXNlTcGNcV;498.8679580408594
45;2023-05-08;ZoTitoKZFofstpKLfmqq;120.5246405735036
46;2023-05-08;KlVJJosBAxjevEwrKBli;314.71225020898447
47;2023-05-08;nJrOtHwyrFBuKETwdJXQ;367.2671080842128
48;2023-05-08;pFkBtRqxMYJAjzZUweLt;563.715425336261
49;2023-05-08;fxJSYigpMYZfkESWalUa;378.72498335150897
50;2023-05-08;QUwMvobOorQdLhSqVGQq;484.3865061477791
