<?xml version="1.0" encoding="UTF-8" standalone="yes"?>
<facturas>
    <facturas>
        <factura>
            <codigo>1</codigo>
            <fechaEmision>2023-04-26</fechaEmision>
            <descripcion>LrXTAErLsNHCvsoOHyuB</descripcion>
            <totalImporteFactura>193.27781182079667</totalImporteFactura>
        </factura>
        <factura>
            <codigo>2</codigo>
            <fechaEmision>2023-04-26</fechaEmision>
            <descripcion>hGJHNpTLTnaLXjPpEbzb</descripcion>
            <totalImporteFactura>533.3541842750733</totalImporteFactura>
        </factura>
        <factura>
            <codigo>3</codigo>
            <fechaEmision>2023-04-26</fechaEmision>
            <descripcion>TYoVrDamjIbOGAdLiadc</descripcion>
            <totalImporteFactura>952.3916910802151</totalImporteFactura>
        </factura>
        <factura>
            <codigo>4</codigo>
            <fechaEmision>2023-04-26</fechaEmision>
            <descripcion>WnbbZKENkTxCZwGVUljh</descripcion>
            <totalImporteFactura>577.3940076469225</totalImporteFactura>
        </factura>
        <factura>
            <codigo>5</codigo>
            <fechaEmision>2023-04-26</fechaEmision>
            <descripcion>wOyTTXGGLLAvdIcHqjme</descripcion>
            <totalImporteFactura>520.2576160994196</totalImporteFactura>
        </factura>
        <factura>
            <codigo>6</codigo>
            <fechaEmision>2023-04-26</fechaEmision>
            <descripcion>kKrMkHelpoXVOkONVQWF</descripcion>
            <totalImporteFactura>891.2308080421175</totalImporteFactura>
        </factura>
        <factura>
            <codigo>7</codigo>
            <fechaEmision>2023-04-26</fechaEmision>
            <descripcion>jtqkudxRpyBmRhFjIewa</descripcion>
            <totalImporteFactura>115.17681635822173</totalImporteFactura>
        </factura>
        <factura>
            <codigo>8</codigo>
            <fechaEmision>2023-04-26</fechaEmision>
            <descripcion>toTrfKuDXnhjitwuXxpM</descripcion>
            <totalImporteFactura>977.8789844571345</totalImporteFactura>
        </factura>
        <factura>
            <codigo>9</codigo>
            <fechaEmision>2023-04-26</fechaEmision>
            <descripcion>sYpbmISaswwIfZxquDWK</descripcion>
            <totalImporteFactura>889.4559077477005</totalImporteFactura>
        </factura>
        <factura>
            <codigo>10</codigo>
            <fechaEmision>2023-04-26</fechaEmision>
            <descripcion>rThOmaGNgYcexhBPzdhG</descripcion>
            <totalImporteFactura>187.52066115991983</totalImporteFactura>
        </factura>
        <factura>
            <codigo>11</codigo>
            <fechaEmision>2023-04-26</fechaEmision>
            <descripcion>DTfnxPncgPCvKgyyprVt</descripcion>
            <totalImporteFactura>326.5824130124695</totalImporteFactura>
        </factura>
        <factura>
            <codigo>12</codigo>
            <fechaEmision>2023-04-26</fechaEmision>
            <descripcion>wNxIwTMarFrHaQluMfgW</descripcion>
            <totalImporteFactura>957.1730138582628</totalImporteFactura>
        </factura>
        <factura>
            <codigo>13</codigo>
            <fechaEmision>2023-04-26</fechaEmision>
            <descripcion>DtPeuJyLuMXrDXhWkUGz</descripcion>
            <totalImporteFactura>192.3180125585266</totalImporteFactura>
        </factura>
        <factura>
            <codigo>14</codigo>
            <fechaEmision>2023-04-26</fechaEmision>
            <descripcion>XBzadtjfOIwfAmLrkhWz</descripcion>
            <totalImporteFactura>928.1895972023451</totalImporteFactura>
        </factura>
        <factura>
            <codigo>15</codigo>
            <fechaEmision>2023-04-26</fechaEmision>
            <descripcion>CMXumYFgpqJDJHowRwyj</descripcion>
            <totalImporteFactura>232.13254168212677</totalImporteFactura>
        </factura>
        <factura>
            <codigo>16</codigo>
            <fechaEmision>2023-04-26</fechaEmision>
            <descripcion>AJebKzDehGFDdDJUSbgE</descripcion>
            <totalImporteFactura>735.7128671725413</totalImporteFactura>
        </factura>
        <factura>
            <codigo>17</codigo>
            <fechaEmision>2023-04-26</fechaEmision>
            <descripcion>ebuzWQHYzhnhpYiCbQxQ</descripcion>
            <totalImporteFactura>354.7086452190638</totalImporteFactura>
        </factura>
        <factura>
            <codigo>18</codigo>
            <fechaEmision>2023-04-26</fechaEmision>
            <descripcion>sulXBZBriPHYOnISzpQU</descripcion>
            <totalImporteFactura>684.6392518859657</totalImporteFactura>
        </factura>
        <factura>
            <codigo>19</codigo>
            <fechaEmision>2023-04-26</fechaEmision>
            <descripcion>ZPXivBpPrbVEkeqHpRNL</descripcion>
            <totalImporteFactura>171.71722897309002</totalImporteFactura>
        </factura>
        <factura>
            <codigo>20</codigo>
            <fechaEmision>2023-04-26</fechaEmision>
            <descripcion>YRvDBbTeebUZxGCYbmNa</descripcion>
            <totalImporteFactura>345.25295368032675</totalImporteFactura>
        </factura>
        <factura>
            <codigo>21</codigo>
            <fechaEmision>2023-04-26</fechaEmision>
            <descripcion>waYisjDEybVoFWQziPtC</descripcion>
            <totalImporteFactura>555.105538429651</totalImporteFactura>
        </factura>
        <factura>
            <codigo>22</codigo>
            <fechaEmision>2023-04-26</fechaEmision>
            <descripcion>wdoXIwnuhzABkQmIQZqE</descripcion>
            <totalImporteFactura>149.34097491583756</totalImporteFactura>
        </factura>
        <factura>
            <codigo>23</codigo>
            <fechaEmision>2023-04-26</fechaEmision>
            <descripcion>OkQsGwySpkUUIamREplS</descripcion>
            <totalImporteFactura>390.6023850478991</totalImporteFactura>
        </factura>
        <factura>
            <codigo>24</codigo>
            <fechaEmision>2023-04-26</fechaEmision>
            <descripcion>XdjfaAYqUXLUMiDIUYoX</descripcion>
            <totalImporteFactura>608.7630819903457</totalImporteFactura>
        </factura>
        <factura>
            <codigo>25</codigo>
            <fechaEmision>2023-04-26</fechaEmision>
            <descripcion>vNsSJTSKpQZtvJqgepEK</descripcion>
            <totalImporteFactura>307.8289947577449</totalImporteFactura>
        </factura>
        <factura>
            <codigo>26</codigo>
            <fechaEmision>2023-04-26</fechaEmision>
            <descripcion>VEWRaGxFThsOQquzRhnt</descripcion>
            <totalImporteFactura>360.64450294041563</totalImporteFactura>
        </factura>
        <factura>
            <codigo>27</codigo>
            <fechaEmision>2023-04-26</fechaEmision>
            <descripcion>yRDdBJiIkibofRjCFxPQ</descripcion>
            <totalImporteFactura>696.3150892711828</totalImporteFactura>
        </factura>
        <factura>
            <codigo>28</codigo>
            <fechaEmision>2023-04-26</fechaEmision>
            <descripcion>qAOduZARSGucBDXxdtbh</descripcion>
            <totalImporteFactura>923.4399916225083</totalImporteFactura>
        </factura>
        <factura>
            <codigo>29</codigo>
            <fechaEmision>2023-04-26</fechaEmision>
            <descripcion>XVctwRHQFZRnUeNRrVld</descripcion>
            <totalImporteFactura>909.3477703127586</totalImporteFactura>
        </factura>
        <factura>
            <codigo>30</codigo>
            <fechaEmision>2023-04-26</fechaEmision>
            <descripcion>CImZcUbizDtFyYjMQXpD</descripcion>
            <totalImporteFactura>717.1149732772735</totalImporteFactura>
        </factura>
        <factura>
            <codigo>31</codigo>
            <fechaEmision>2023-04-26</fechaEmision>
            <descripcion>XVObwkfrrbHKbfAmYeGi</descripcion>
            <totalImporteFactura>413.2261839979848</totalImporteFactura>
        </factura>
        <factura>
            <codigo>32</codigo>
            <fechaEmision>2023-04-26</fechaEmision>
            <descripcion>TVydoidHPGfcrPwdbuwT</descripcion>
            <totalImporteFactura>218.08905633366538</totalImporteFactura>
        </factura>
        <factura>
            <codigo>33</codigo>
            <fechaEmision>2023-04-26</fechaEmision>
            <descripcion>wYwNtbZmuzBCBENCeRQl</descripcion>
            <totalImporteFactura>322.7220601823009</totalImporteFactura>
        </factura>
        <factura>
            <codigo>34</codigo>
            <fechaEmision>2023-04-26</fechaEmision>
            <descripcion>lTfcwuSXmzyHxXjfejWI</descripcion>
            <totalImporteFactura>992.3597400091104</totalImporteFactura>
        </factura>
        <factura>
            <codigo>35</codigo>
            <fechaEmision>2023-04-26</fechaEmision>
            <descripcion>pqpfmlDxKVFwqbMcCRYy</descripcion>
            <totalImporteFactura>774.5193127711494</totalImporteFactura>
        </factura>
        <factura>
            <codigo>36</codigo>
            <fechaEmision>2023-04-26</fechaEmision>
            <descripcion>MdqihuyXPSrEEOLwwBar</descripcion>
            <totalImporteFactura>663.9654753736376</totalImporteFactura>
        </factura>
        <factura>
            <codigo>37</codigo>
            <fechaEmision>2023-04-26</fechaEmision>
            <descripcion>QrxkeZbAibNvmQGdNzqm</descripcion>
            <totalImporteFactura>434.33615596212655</totalImporteFactura>
        </factura>
        <factura>
            <codigo>38</codigo>
            <fechaEmision>2023-04-26</fechaEmision>
            <descripcion>EhcErIbJZXozBbwLqCPi</descripcion>
            <totalImporteFactura>113.03026191618926</totalImporteFactura>
        </factura>
        <factura>
            <codigo>39</codigo>
            <fechaEmision>2023-04-26</fechaEmision>
            <descripcion>WsIYLvCXvhnoMCZCShub</descripcion>
            <totalImporteFactura>277.73603127304716</totalImporteFactura>
        </factura>
        <factura>
            <codigo>40</codigo>
            <fechaEmision>2023-04-26</fechaEmision>
            <descripcion>yYETgozrckVOMbwduATd</descripcion>
            <totalImporteFactura>602.4115490264624</totalImporteFactura>
        </factura>
        <factura>
            <codigo>41</codigo>
            <fechaEmision>2023-04-26</fechaEmision>
            <descripcion>lGgOjNsFEhkVjBQDkDxZ</descripcion>
            <totalImporteFactura>317.811998581945</totalImporteFactura>
        </factura>
        <factura>
            <codigo>42</codigo>
            <fechaEmision>2023-04-26</fechaEmision>
            <descripcion>gZlGvEfyZFvGekZirIps</descripcion>
            <totalImporteFactura>434.3032527535852</totalImporteFactura>
        </factura>
        <factura>
            <codigo>43</codigo>
            <fechaEmision>2023-04-26</fechaEmision>
            <descripcion>eBDOSdlkvPRvxNEhFLqB</descripcion>
            <totalImporteFactura>910.2294447890323</totalImporteFactura>
        </factura>
        <factura>
            <codigo>44</codigo>
            <fechaEmision>2023-04-26</fechaEmision>
            <descripcion>lzUMuSyJGmOtgWpNMBQA</descripcion>
            <totalImporteFactura>919.2619362368312</totalImporteFactura>
        </factura>
        <factura>
            <codigo>45</codigo>
            <fechaEmision>2023-04-26</fechaEmision>
            <descripcion>vumFCNcWXYfFAuBsQvbN</descripcion>
            <totalImporteFactura>947.8450290358351</totalImporteFactura>
        </factura>
        <factura>
            <codigo>46</codigo>
            <fechaEmision>2023-04-26</fechaEmision>
            <descripcion>pAGCginbJoOQEOuKvHkh</descripcion>
            <totalImporteFactura>329.68041822458656</totalImporteFactura>
        </factura>
        <factura>
            <codigo>47</codigo>
            <fechaEmision>2023-04-26</fechaEmision>
            <descripcion>zBXFpOnoTEHONgtvLBav</descripcion>
            <totalImporteFactura>245.40015725773154</totalImporteFactura>
        </factura>
        <factura>
            <codigo>48</codigo>
            <fechaEmision>2023-04-26</fechaEmision>
            <descripcion>kpTqaUXDeVfQDjKLXbwj</descripcion>
            <totalImporteFactura>855.9286079384186</totalImporteFactura>
        </factura>
        <factura>
            <codigo>49</codigo>
            <fechaEmision>2023-04-26</fechaEmision>
            <descripcion>raPFcwzHQJnzIpbFZIaF</descripcion>
            <totalImporteFactura>716.6952343269447</totalImporteFactura>
        </factura>
        <factura>
            <codigo>50</codigo>
            <fechaEmision>2023-04-26</fechaEmision>
            <descripcion>KIPOEaXaZjEehxAhBuDA</descripcion>
            <totalImporteFactura>916.341738792344</totalImporteFactura>
        </factura>
    </facturas>
</facturas>
